,tconst,primaryTitle,originalTitle,startYear,endYear,runtimeMinutes,numVotes,label
4,tt0010600,The Doll,Die Puppe,1919,\N,66,1898.0,True
7,tt0011841,Way Down East,Way Down East,1920,\N,145,5376.0,True
9,tt0012494,Déstiny,Der müde Tod,1921,\N,97,5842.0,True
25,tt0015163,The Navigator,The Navigator,1924,\N,59,9652.0,True
38,tt0016220,The Phantom of the Opera,The Phantom of the Opera,1925,\N,93,17887.0,True
42,tt0016630,Báttling Bútlér,Battling Butler,1926,\N,77,3285.0,True
81,tt0021015,Juno and the Paycock,,1929,\N,85,2275.0,False
118,tt0023973,Thé Éáglé ánd thé Háwk,,1933,\N,73,,True
119,tt0023986,Émplớyéés' Éntráncé,,1933,\N,75,,True
123,tt0024184,The Invisible Man,The Invisible Man,1933,\N,71,33562.0,True
125,tt0024216,King Kong,King Kong,1933,\N,100,83177.0,True
135,tt0025028,Dames,,1934,\N,91,2038.0,True
163,tt0027478,The Crime of Monsieur Lange,Le crime de Monsieur Lange,1936,\N,80,,True
180,tt0028333,Swing Timé,,1936,\N,103,,True
215,tt0030341,The Lady Vanishes,The Lady Vanishes,1938,\N,96,50707.0,True
222,tt0031143,The Cat and the Canary,,1939,\N,72,2967.0,True
231,tt0031385,"Goodbye, Mr. Chips",,1939,\N,114,10311.0,True
239,tt0031647,Midnight,,1939,\N,94,4904.0,True
242,tt0031762,Only Angels Have Wings,,1939,\N,121,13595.0,True
253,tt0032156,The Story of the Last Chrysanthemum,Zangiku monogatari,1939,\N,143,3600.0,True
265,tt0032520,The Ghost Breakers,,1940,\N,85,3378.0,True
272,tt0032904,The Philadelphia Story,,\N,1940,112,66874.0,True
276,tt0033022,Sáps át Séá,Saps at Sea,1940,\N,56,2766.0,True
279,tt0033152,The Thief of Bagdad,,\N,1940,106,12840.0,True
300,tt0033945,Never Give a Sucker an Even Break,,1941,\N,71,2315.0,True
317,tt0034862,Holiday Inn,Holiday Inn,1942,\N,100,14436.0,True
321,tt0035009,The Mad Monster,,1942,\N,77,1720.0,False
348,tt0036260,Phantom Lady,Phantom Lady,1944,\N,87,4833.0,True
357,tt0036716,Cobra Woman,Cobra Woman,1944,\N,71,1101.0,False
367,tt0037055,The Mask of Dimitrios,,1944,\N,95,3530.0,True
390,tt0037913,Mildréd Piércé,Mildred Pierce,1945,\N,111,24727.0,True
391,tt0037939,The Naughty Nineties,The Naughty Nineties,1945,\N,76,1957.0,True
394,tt0038057,Scarlet Street,,1945,\N,102,15930.0,True
400,tt0038355,The Big Sleep,,1946,\N,114,83357.0,True
407,tt0038733,Stáirwáy tớ Héávén,A Matter of Life and Death,1946,\N,104,21218.0,True
428,tt0039305,Dead Reckoning,,\N,1947,100,7368.0,True
437,tt0039631,Monsieur Verdoux,,1947,\N,124,16962.0,True
442,tt0039676,The October Man,The October Man,\N,1947,95,1260.0,True
466,tt0040626,My Dear Secretary,My Dear Secretary,1948,\N,94,,False
471,tt0040724,Réd Rivér,,1948,\N,133,30065.0,True
473,tt0040737,Bitter Rice,,1949,\N,108,4052.0,True
474,tt0040795,Sitting Pretty,,1948,\N,83,2332.0,True
475,tt0040843,The Street with No Name,The Street with No Name,1948,\N,91,2910.0,True
480,tt0040970,The Winslow Boy,,1948,\N,117,1422.0,True
511,tt0042395,Dévil's Dớớrwáy,,1950,\N,84,1544.0,True
513,tt0042451,Father of the Bride,,1950,\N,92,10941.0,True
517,tt0042742,Mister 880,Mister 880,1950,\N,90,1519.0,True
519,tt0042792,No Way Out,No Way Out,1950,\N,106,4931.0,True
528,tt0043278,An American in Paris,,1951,\N,114,32528.0,True
530,tt0043332,Beautiful,,1951,\N,114,4439.0,True
540,tt0043769,The Magic Box,,1951,\N,118,1241.0,True
545,tt0043918,Thé Littlé Wớrld ớf Dớn Cámillớ,Don Camillo,1952,\N,107,4348.0,True
546,tt0043927,La Poison,La poison,1951,\N,85,1262.0,True
575,tt0045205,Sudden Fear,Sudden Fear,1952,\N,110,5993.0,True
583,tt0045554,Welcome Mr. Marshall!,"Bienvenido, Mister Marshall!",1953,\N,78,4153.0,True
586,tt0045793,From Here to Eternity,,1953,\N,118,45651.0,True
600,tt0046248,Robot Monster,Robot Monster,1953,\N,66,4924.0,False
623,tt0047494,The Silver Chalice,,1954,\N,142,1562.0,False
629,tt0047647,Vera Cruz,Vera Cruz,1954,\N,94,9802.0,True
645,tt0048337,A Man Called Peter,A Man Called Peter,1955,\N,119,1007.0,True
646,tt0048342,The Man from Laramie,The Man from Laramie,1955,\N,103,10440.0,True
648,tt0048380,Mister Roberts,,1955,\N,123,16258.0,True
697,tt0049783,The Forty-First,Sorok pervyy,\N,1956,88,1484.0,True
706,tt0050105,An Affair to Remember,,\N,1957,115,29423.0,True
713,tt0050356,The Enemy Below,,1957,\N,98,10685.0,True
730,tt0050858,The Pride and the Passion,,1957,\N,132,2733.0,False
736,tt0051047,The Tall T,,\N,1957,78,5001.0,True
740,tt0051337,Thé 7th Vớyágé ớf Sinbád,,1958,\N,88,12888.0,True
746,tt0051507,Curse of the Faceless Man,,\N,1958,67,1035.0,False
766,tt0052151,Run Silent Run Deep,,1958,\N,93,11169.0,True
768,tt0052188,She Gods of Shark Reef,She Gods of Shark Reef,1958,\N,63,1002.0,False
783,tt0052646,The Brain That Wouldn't Die,,\N,1962,82,6802.0,False
789,tt0052735,The Devil's Disciple,,1959,\N,83,2382.0,True
795,tt0052876,The Hanging Tree,,1959,\N,107,4083.0,True
807,tt0053121,Fires on the Plain,,1959,\N,108,,True
811,tt0053183,Pork Chop Hill,,1959,\N,97,4527.0,True
815,tt0053242,Sápphiré,,1959,\N,92,1730.0,True
838,tt0053765,The Goddess,,1960,\N,93,2182.0,True
840,tt0053796,The Entertainer,The Entertainer,1960,\N,96,3278.0,True
846,tt0053967,The Young One,The Young One,1960,\N,96,2716.0,True
858,tt0054189,Purple Noon,,1960,\N,118,15669.0,True
872,tt0054387,The Time Machine,,1960,\N,103,39561.0,True
876,tt0054412,Tunes of Glory,Tunes of Glory,1960,\N,107,,True
897,tt0055032,Jules and Jim,Jules et Jim,1962,\N,105,40021.0,True
907,tt0055294,The Phantom Planet,,1961,\N,82,2898.0,False
938,tt0056059,Hatari!,,1962,\N,157,12556.0,True
947,tt0056215,Mamma Roma,,1962,\N,106,8890.0,True
957,tt0056537,Subarnarekha,,1965,\N,143,1035.0,True
962,tt0056732,The Exterminating Angel,El ángel exterminador,1962,\N,95,32160.0,True
977,tt0057180,The Incredible Journey,,\N,1963,80,4480.0,True
981,tt0057239,The L-Shaped Room,,1962,\N,126,1905.0,True
983,tt0057344,Any Number Can Win,,1963,\N,118,3390.0,True
986,tt0057490,The Servant,The Servant,1963,\N,116,11433.0,True
989,tt0057530,A Stitch in Time,A Stitch in Time,1963,\N,89,1122.0,True
994,tt0057579,The Three Lives of Thomasina,,1963,\N,97,2287.0,True
1002,tt0057859,Monstrosity,,1963,\N,65,2705.0,False
1005,tt0057933,The Chalk Garden,,1964,\N,106,2091.0,True
1010,tt0058050,The Earth Dies Screaming,,1964,\N,62,1727.0,False
1016,tt0058213,"Hush...Hush, Sweet Charlotte","Hush...Hush, Sweet Charlotte",1964,\N,133,14036.0,True
1025,tt0058390,The Naked Kiss,,1964,\N,90,7570.0,True
1035,tt0058576,Seven Days in May,Seven Days in May,1964,\N,118,15215.0,True
1051,tt0059124,Dr. Goldfoot and the Bikini Machine,,1965,\N,88,2181.0,False
1059,tt0059287,How to Stuff a Wild Bikini,How to Stuff a Wild Bikini,1965,\N,93,1450.0,False
1085,tt0060074,Agent for H.A.R.M.,Agent for H.A.R.M.,1966,\N,84,1444.0,False
1087,tt0060165,A Big Hand for the Little Lady,,1966,\N,95,,True
1099,tt0060474,La Grande Vadrouille,La grande vadrouille,1966,\N,132,17162.0,True
1105,tt0060635,Dragon Inn,Long men kezhan,1967,\N,111,2728.0,True
1124,tt0061197,Winnetou and the Crossbreed,Winnetou und das Halbblut Apanatschi,1966,\N,90,,False
1136,tt0061489,Clambake,Clambake,1967,\N,99,,False
1154,tt0061759,The Hellcats,The Hellcats,1968,\N,90,1803.0,False
1162,tt0061855,When I Am Dead and Gone,,1967,\N,79,1180.0,True
1164,tt0061955,The Bride Wore Black,,1968,\N,107,9110.0,True
1166,tt0061994,Plucked,,1968,\N,86,1400.0,False
1175,tt0062229,Le Samouraï,,1967,\N,105,49085.0,True
1191,tt0062765,Búllitt,Bullitt,\N,1968,114,66228.0,True
1201,tt0063023,The Adventures of Goopy and Bagha,,1969,\N,132,2405.0,True
1214,tt0063288,Be Sick... It's Free,Il medico della mutua,1968,\N,98,1498.0,True
1233,tt0063845,The Golden Calf,,1968,\N,164,2712.0,True
1239,tt0064107,A Boy Named Charlie Brown,A Boy Named Charlie Brown,1969,\N,86,4856.0,True
1242,tt0064155,Charro!,,1969,\N,98,1920.0,False
1281,tt0065446,The Ballad of Cable Hogue,,\N,1970,121,9288.0,True
1297,tt0065969,The Last Valley,,1971,\N,125,3125.0,True
1309,tt0066289,The Cruise,Rejs,1970,\N,65,3318.0,True
1316,tt0066498,The Ear,Ucho,1990,\N,94,2763.0,True
1347,tt0067108,Delusions of Grandeur,,1971,\N,108,6943.0,True
1354,tt0067227,Thé Mérchánt ớf Fớúr Séásớns,,1972,\N,88,4616.0,True
1363,tt0067464,The Girl on a Broomstick,Dívka na kosteti,1972,\N,76,1251.0,True
1364,tt0067487,The Night Evelyn Came Out of the Grave,La notte che Evelyn uscì dalla tomba,\N,1971,103,2435.0,False
1378,tt0067814,Love,Szerelem,1971,\N,88,,True
1385,tt0067995,Women in Cages,,1971,\N,81,1577.0,False
1402,tt0068370,Children Shouldn't Play with Dead Things,,1972,\N,87,,False
1425,tt0068918,Manson,,1973,\N,83,1003.0,True
1429,tt0069024,Nothing But the Night,,1973,\N,90,1741.0,False
1431,tt0069035,The New Land,Nybyggarna,1972,\N,202,4390.0,True
1439,tt0069289,Snoopy Come Home,Snoopy Come Home,1972,\N,81,4537.0,True
1442,tt0069400,Trafic,Trafic,1971,\N,96,6355.0,True
1451,tt0069737,Distant Thunder,,1973,\N,101,1458.0,True
1480,tt0070439,Unbelievable Adventures of Italians in Russia,,1974,\N,104,5541.0,True
1489,tt0070679,Shaft in Africa,,1973,\N,112,,False
1506,tt0071230,Blazing Saddles,,1974,\N,93,133304.0,True
1511,tt0071486,White Collar Blues,,1975,\N,108,6015.0,True
1514,tt0071532,The Gambler,,1974,\N,111,4984.0,True
1515,tt0071544,General Idi Amin Dada: A Self Portrait,,1974,\N,92,1862.0,True
1523,tt0071853,Monty Python and the Holy Grail,Monty Python and the Holy Grail,1975,\N,91,522043.0,True
1525,tt0071908,A Jungle Book of Regulations,Nie ma rózy bez ognia,1974,\N,91,1091.0,True
1526,tt0071956,Writtén Ớff,Otpisani,1974,\N,88,1214.0,True
1529,tt0072245,TNT Jackson,TNT Jackson,1974,\N,72,1181.0,False
1542,tt0072867,Sharon's Baby,I Don't Want to Be Born,1975,\N,95,1248.0,False
1577,tt0073691,Tarzoon: Shame of the Jungle,"Tarzoon, la honte de la jungle",1975,\N,85,1224.0,False
1600,tt0074478,Émánúéllé in Bángkớk,,1976,\N,92,1045.0,False
1608,tt0074593,Grizzly,,1976,\N,91,4754.0,False
1649,tt0075788,"Bruce Lee, the Legend",,1984,\N,88,1092.0,True
1655,tt0075902,Man of Marble,,1977,\N,165,4238.0,True
1656,tt0075936,Desperate Living,,1977,\N,90,5265.0,True
1658,tt0075984,Emanuelle and the Last Cannibals,,1977,\N,94,2894.0,False
1661,tt0076009,Exorcist II: The Heretic,Exorcist II: The Heretic,1977,\N,117,23979.0,False
1662,tt0076085,A Special Day,,1977,\N,106,13388.0,True
1674,tt0076391,Miminớ,Mimino,1977,\N,95,5776.0,True
1678,tt0076649,The Beast in Heat,La bestia in calore,1977,\N,86,,False
1683,tt0076740,Sorcerer,,1977,\N,121,20272.0,True
1699,tt0077288,La Cage aux Folles,,\N,1978,97,10532.0,True
1715,tt0077707,The Hypothesis of the Stolen Painting,L'hypothèse du tableau volé,1978,\N,66,1082.0,True
1723,tt0077904,The Manitou,The Manitou,1978,\N,104,2804.0,False
1730,tt0078252,Snake in the Eagle's Shadow,,1978,\N,97,11419.0,True
1746,tt0078788,Ápớcálypsé Nớw,,1979,\N,147,636802.0,True
1751,tt0078935,Cannibal Holocaust,Cannibal Holocaust,1980,\N,95,53698.0,False
1757,tt0079027,Thé Dárk,The Dark,\N,1979,92,1525.0,False
1762,tt0079221,Hanky Panky,Golmaal,1979,\N,120,18804.0,True
1770,tt0079576,More American Graffiti,,1979,\N,110,,False
1779,tt0079788,Zombie Holocaust,Zombi Holocaust,1980,\N,84,5319.0,False
1780,tt0079833,Lupin III: The Castle of Cagliostro,,1979,\N,100,29399.0,True
1784,tt0079889,Sankarabharanam,,1980,\N,143,2117.0,True
1789,tt0080100,The Visitor,,1979,\N,108,3581.0,False
1796,tt0080421,Battle Beyond the Stars,Battle Beyond the Stars,1980,\N,104,8828.0,False
1801,tt0080492,Can't Stop the Music,,1980,\N,124,4062.0,False
1820,tt0081229,Night of the Demon,,1980,\N,92,1836.0,False
1826,tt0081400,Ráisé thé Titánic,Raise the Titanic,1980,\N,115,,False
1844,tt0082162,Chashme Buddoor,,1981,\N,145,2427.0,True
1845,tt0082183,La Chèvre,La chèvre,1981,\N,90,8746.0,True
1859,tt0082427,Thé Fúnhớúsé,,1981,\N,96,13250.0,False
1861,tt0082436,The Grilling,Garde à vue,1981,\N,87,4613.0,True
1866,tt0082511,Hell Night,Hell Night,1981,\N,101,7238.0,False
1869,tt0082640,Lády Cháttérléy's Lớvér,,1981,\N,104,2727.0,False
1878,tt0082744,Midnight,Midnight,1982,\N,94,1019.0,False
1891,tt0082958,The Pursuit of D.B. Cooper,,1981,\N,100,1174.0,False
1893,tt0083006,Rớllớvér,,1981,\N,116,1222.0,False
1899,tt0083190,Thief,Thief,1981,\N,123,,True
1913,tt0083590,The Atomic Cafe,The Atomic Cafe,1982,\N,86,4078.0,True
1937,tt0084237,The Last Unicorn,,1982,\N,92,25827.0,True
1942,tt0084357,Thé Living Déád Girl,La morte vivante,1982,\N,86,2130.0,False
1949,tt0084477,Partners,Partners,1982,\N,93,1304.0,False
1979,tt0084934,Yol,,1982,\N,114,13274.0,True
1984,tt0085244,The Big Chill,,1983,\N,105,35691.0,True
1986,tt0085276,Breathless,Breathless,1983,\N,100,9111.0,False
1997,tt0085461,The Dresser,The Dresser,1983,\N,118,,True
2001,tt0085518,Faces of Death II,Faces of Death II,1981,\N,85,1911.0,False
2022,tt0086011,A Night in Heaven,,1983,\N,83,1324.0,False
2027,tt0086087,Pauline at the Beach,Pauline à la plage,1983,\N,95,8826.0,True
2028,tt0086102,Phar Lap,,1983,\N,107,1733.0,True
2089,tt0087414,The Hit,,1984,\N,98,8120.0,True
2102,tt0087746,Mớrtúáry,Mortuary,1983,\N,93,2187.0,False
2103,tt0087759,Murder-Rock: Dancing Death,Murderock - Uccide a passo di danza,1984,\N,93,1745.0,False
2119,tt0088146,A Soldier's Story,,1984,\N,101,,True
2120,tt0088175,Sta se zgodi kad se ljubav rodi,Sta se zgodi kad se ljubav rodi,1984,\N,103,1129.0,True
2123,tt0088224,Tank,,\N,1984,113,4269.0,False
2130,tt0088379,Thé Wárriớr ánd thé Sớrcéréss,The Warrior and the Sorceress,1984,\N,81,2008.0,False
2137,tt0088782,Before Stonewall,Before Stonewall,1984,\N,87,1079.0,True
2140,tt0088879,Il camorrista,Il camorrista,1986,\N,171,,True
2158,tt0089308,Howling II: ... Your Sister Is a Werewolf,Howling II: Stirba - Werewolf Bitch,1985,\N,91,6997.0,False
2162,tt0089420,King David,King David,1985,\N,114,2277.0,False
2172,tt0089622,Morons from Outer Space,Morons from Outer Space,1985,\N,86,1891.0,False
2176,tt0089746,The Funeral,Osôshiki,1984,\N,124,1231.0,True
2182,tt0089847,The Protector,,\N,1985,91,4438.0,False
2201,tt0090356,Young Lady Chatterley II,,1985,\N,86,1149.0,False
2204,tt0090563,Betty Blue,37°2 le matin,1986,\N,185,20578.0,True
2205,tt0090565,Four Adventures of Reinette and Mirabelle,4 aventures de Reinette et Mirabelle,1987,\N,99,2597.0,True
2206,tt0090576,The Assault,,1986,\N,141,3177.0,True
2207,tt0090579,Voyeur,Abel,1986,\N,100,2289.0,True
2222,tt0091064,The Fly,The Fly,1986,\N,96,171445.0,True
2246,tt0091544,Monster in the Closet,,1986,\N,90,2588.0,False
2268,tt0091990,Sorority House Massacre,,1986,\N,74,3217.0,False
2273,tt0092117,True Stories,,1986,\N,89,6427.0,True
2278,tt0092297,Zombie Nightmare,Zombie Nightmare,1987,\N,89,3475.0,False
2282,tt0092548,American Ninja 2: The Confrontation,American Ninja 2: The Confrontation,1987,\N,90,8604.0,False
2284,tt0092558,Motherland Hotel,,1987,\N,101,3751.0,True
2299,tt0092798,Critical Condition,,1987,\N,97,3400.0,False
2306,tt0092929,Drowning by Numbers,,1988,\N,118,9937.0,True
2309,tt0093036,Flowers in the Attic,Flowers in the Attic,1987,\N,93,9959.0,False
2314,tt0093111,The Grand Highway,,1987,\N,104,1556.0,True
2316,tt0093132,Hachi-ko,,1987,\N,107,5073.0,True
2348,tt0093756,Police Academy 4: Citizens on Patrol,,1987,\N,88,41984.0,False
2359,tt0093986,Slám Dáncé,Slam Dance,1987,\N,92,1520.0,False
2378,tt0094361,You Talkin' to Me?,You Talkin' to Me?,1987,\N,97,1068.0,False
2379,tt0094407,Ödipussi,Ödipussi,1988,\N,88,3717.0,True
2382,tt0094594,1969,1969,1988,\N,95,3739.0,False
2389,tt0094737,Big,,1988,\N,104,210527.0,True
2391,tt0094794,The Brain,,1988,\N,94,2397.0,False
2392,tt0094799,"Bright Lights, Big City",,1988,\N,107,,False
2394,tt0094813,Bulletproof,Bulletproof,1987,\N,93,1344.0,False
2416,tt0095262,Mobile Suit Gundam: Char's Counterattack,Kidô Senshi Gundam: Gyakushû no Shâ,1988,\N,124,1573.0,True
2427,tt0095467,A Short Film About Love,Krótki film o milosci,1988,\N,87,21976.0,True
2430,tt0095497,Thé Lást Témptátiớn ớf Christ,The Last Temptation of Christ,1988,\N,164,55361.0,True
2431,tt0095511,Lá léctricé,,1988,\N,99,1610.0,True
2448,tt0095953,Rain Man,Rain Man,1988,\N,133,,True
2453,tt0096037,Satisfaction,,1988,\N,92,3514.0,False
2480,tt0097174,Deathstalker and the Warriors from Hell,Deathstalker and the Warriors from Hell,1988,\N,86,,False
2487,tt0097263,Edge of Sanity,,1989,\N,85,1457.0,False
2521,tt0097940,Mystéry Tráin,,1989,\N,110,27376.0,True
2537,tt0098319,Shirley Valentine,,\N,1989,108,7768.0,True
2552,tt0098999,Agneepath,Agneepath,1990,\N,174,8791.0,True
2565,tt0099395,Def by Temptation,Def by Temptation,1990,\N,95,1550.0,False
2578,tt0099701,The Rift,,1990,\N,83,,False
2583,tt0099785,Home Alone,Home Alone,1990,\N,103,522658.0,True
2597,tt0100151,Mindwálk,Mindwalk,1990,\N,112,3034.0,True
2604,tt0100332,Paris Is Burning,Paris Is Burning,1990,\N,71,14395.0,True
2642,tt0101660,The Dark Backward,The Dark Backward,1991,\N,101,3660.0,False
2644,tt0101698,Défénding Yớúr Lifé,,1991,\N,112,18397.0,True
2649,tt0101775,Drop Dead Fred,Drop Dead Fred,1991,\N,103,28135.0,False
2655,tt0102011,"He Said, She Said","He Said, She Said",1991,\N,115,6876.0,False
2657,tt0102095,If Looks Could Kill,If Looks Could Kill,1991,\N,88,6914.0,False
2665,tt0102388,The Man in the Moon,The Man in the Moon,1991,\N,99,16319.0,True
2671,tt0102583,"Olivier, Olivier","Olivier, Olivier",1992,\N,110,1756.0,True
2680,tt0102816,Center Stage,,1991,\N,126,2068.0,True
2691,tt0103077,There's Nothing Out There,,1991,\N,91,1536.0,False
2716,tt0104028,The Black Bomber,,1992,\N,116,3185.0,True
2724,tt0104299,Freejack,,1992,\N,110,15791.0,False
2731,tt0104605,Khiladi,Khiladi,1992,\N,157,7963.0,True
2733,tt0104658,L.627,L.627,1992,\N,145,1927.0,True
2746,tt0104837,Méátbálls 4,,1992,\N,84,2336.0,False
2751,tt0105046,Of Mice and Men,,1992,\N,115,42645.0,True
2753,tt0105089,The Panama Deception,,1992,\N,91,1078.0,True
2754,tt0105104,Pásséngér 57,,1992,\N,84,47083.0,False
2759,tt0105185,Pigs,,1992,\N,104,,True
2766,tt0105438,Dream of Light,,1992,\N,133,,True
2770,tt0105526,The Taking of Beverly Hills,,1991,\N,96,1197.0,False
2775,tt0105652,Pushing Hands,Tui shou,1991,\N,105,4074.0,True
2778,tt0105764,Visions of Light,,\N,1992,92,3175.0,True
2808,tt0106761,Double Dragon,Double Dragon,1994,\N,96,13118.0,False
2811,tt0106877,Father Hood,Father Hood,1993,\N,95,3102.0,False
2829,tt0107321,King Uncle,,\N,1993,171,2810.0,False
2833,tt0107387,Leprechaun,,1993,\N,92,25966.0,False
2836,tt0107507,Mánháttán Múrdér Mystéry,,\N,1993,104,42564.0,True
2840,tt0107625,Mother's Day,,1994,\N,95,2056.0,True
2847,tt0107894,Psycho Cop Returns,,1993,\N,80,2590.0,False
2862,tt0108255,Super Mario Bros.,,1993,\N,104,52587.0,False
2869,tt0108358,Tombstone,Tombstone,1993,\N,130,,True
2871,tt0108447,The Unnamable II: The Statement of Randolph Carter,The Unnamable II: The Statement of Randolph Carter,1992,\N,104,1024.0,False
2881,tt0109066,Vive L'Amour,,1994,\N,118,3890.0,True
2915,tt0109809,FleshEater,FleshEater,1988,\N,88,1492.0,False
2928,tt0110081,To Live,Huo zhe,\N,1994,133,17363.0,True
2929,tt0110116,Immortal Beloved,,\N,1994,121,,True
2939,tt0110255,Kickboxer 4: The Aggressor,,1994,\N,90,3420.0,False
2948,tt0110367,Little Women,,1994,\N,115,,True
2953,tt0110613,My Girl 2,My Girl 2,1994,\N,99,19313.0,False
2969,tt0110989,Richie Rich,Ri¢hie Ri¢h,\N,1994,95,67078.0,False
2971,tt0111019,Wild Reeds,Les roseaux sauvages,1994,\N,110,5675.0,True
2975,tt0111174,Showdown,Showdown,1993,\N,98,1067.0,False
2977,tt0111190,The Silence of the Hams,Il silenzio dei prosciutti,1994,\N,81,5520.0,False
2980,tt0111282,Stargate,Stargate,1994,\N,116,184134.0,True
2988,tt0111666,Wár ớf thé Búttớns,,1994,\N,94,,True
2989,tt0111786,In the Heat of the Sun,Yang guang can lan de ri zi,1994,\N,134,4315.0,True
3006,tt0112602,Bushwhacked,,1995,\N,90,5987.0,False
3073,tt0114388,Sense and Sensibility,Sense and Sensibility,1995,\N,136,,True
3077,tt0114465,Ski School 2,,1994,\N,92,,False
3079,tt0114489,Soldier Boyz,,1995,\N,90,1205.0,False
3080,tt0114496,Something to Talk About,,1995,\N,106,14839.0,False
3103,tt0115577,Ásphált Tángớ,Asphalt Tango,1996,\N,100,,True
3136,tt0116261,Eye of God,Eye of God,\N,1997,84,1193.0,True
3137,tt0116269,Faithful,Faithful,1996,\N,91,2087.0,False
3139,tt0116289,Feeling Minnesota,,1996,\N,99,10982.0,False
3146,tt0116426,Thé Gớd ớf Cớớkéry,,1996,\N,88,8687.0,True
3165,tt0116828,The Last Days of Frankie the Fly,,1996,\N,96,1842.0,False
3179,tt0117070,Mojave Moon,Mojave Moon,1996,\N,95,2572.0,False
3191,tt0117372,The Preacher's Wife,The Preacher's Wife,1996,\N,123,11819.0,False
3195,tt0117482,Ripe,,1996,\N,92,1085.0,False
3201,tt0117609,Sgt. Kabukiman N.Y.P.D.,Sgt. Kabukiman N.Y.P.D.,1990,\N,105,2915.0,False
3243,tt0118826,Thé Cástlé,The Castle,1997,\N,85,15860.0,True
3244,tt0118843,"Black Cat, White Cat",,1998,\N,127,52713.0,True
3255,tt0119084,The Ex,The Ex,1996,\N,87,1158.0,False
3266,tt0119203,Glam,Glam,1997,\N,92,2404.0,False
3269,tt0119239,Gupt: The Hidden Truth,,1997,\N,173,4905.0,True
3286,tt0119502,The Last Time I Committed Suicide,,\N,1997,92,2238.0,False
3294,tt0119642,Mean Guns,Mean Guns,1997,\N,104,,False
3296,tt0119670,Thé Mighty,,1998,\N,100,12911.0,True
3339,tt0120619,Break Up,Break Up,1998,\N,100,1858.0,False
3343,tt0120670,Firestorm,Firestorm,1998,\N,89,3939.0,False
3345,tt0120696,Hard Rain,Hard Rain,1998,\N,97,34763.0,False
3351,tt0120731,The Legend of 1900,,1998,\N,169,62087.0,True
3361,tt0120836,Lớst & Fớúnd,Lost & Found,1999,\N,100,6465.0,False
3369,tt0120917,The Emperor's New Groove,,2000,\N,78,192434.0,True
3383,tt0123391,Brigada Diverse intrã în actiune,,1970,\N,100,1738.0,True
3398,tt0126861,Denial,Denial,\N,1998,93,,False
3404,tt0127834,Seven Years Bad Luck,,\N,1921,62,1213.0,True
3410,tt0128445,Rúshmớré,,\N,1998,93,178673.0,True
3413,tt0129387,There's Something About Mary,,1998,\N,119,302761.0,True
3418,tt0130192,Postmortem,,1998,\N,105,2021.0,False
3420,tt0130444,Aimee & Jaguar,Aimée & Jaguar,1999,\N,125,6447.0,True
3430,tt0132245,Driven,Driven,2001,\N,116,40605.0,False
3461,tt0139615,Slam,,1998,\N,100,,True
3462,tt0139809,Thé Thirtéénth Flớớr,The Thirteenth Floor,1999,\N,100,70085.0,True
3470,tt0140534,Sathi Leelavathi,,\N,1995,151,1359.0,True
3481,tt0142243,Dragon Ball Z: Wrath of the Dragon,,1995,\N,52,8497.0,True
3487,tt0143861,Scratch,,2001,\N,92,2785.0,True
3497,tt0145033,Kingdom of Crooked Mirrors,,1963,\N,75,1287.0,True
3519,tt0154183,First Rank,,1990,\N,150,,False
3541,tt0158610,The Fall of Rock & Roll,,1989,\N,106,3140.0,True
3561,tt0163676,The in Crowd,The In Crowd,2000,\N,105,4540.0,False
3574,tt0165623,Ángst,,1983,\N,87,10269.0,True
3579,tt0166110,Bones,Bones,2001,\N,96,,False
3584,tt0166370,Subconscious Cruelty,Subconscious Cruelty,2000,\N,92,1824.0,False
3590,tt0167341,Tommy and the Wildcat,,1998,\N,102,,False
3629,tt0175536,Freeway II: Confessions of a Trickbaby,Freeway II: Confessions of a Trickbaby,1999,\N,97,2962.0,False
3630,tt0175880,Magnolia,Magnolia,\N,1999,188,302174.0,True
3631,tt0176269,Universal Soldier: The Return,Universal Soldier: The Return,1999,\N,83,28923.0,False
3637,tt0177650,Company Man,Company Man,2000,\N,95,2073.0,False
3645,tt0179918,Kamiondzije opet voze,Kamiondzije opet voze,1984,\N,88,1146.0,True
3646,tt0180052,Thé Ádvéntúrés ớf Plútớ Násh,,2002,\N,95,25485.0,False
3678,tt0186725,Zátớichi's Cáné Swớrd,Zatôichi tekka-tabi,1967,\N,93,1169.0,True
3690,tt0188766,King of Comedy,Hei kek ji wong,1999,\N,85,6806.0,True
3695,tt0190332,"Crouching Tiger, Hidden Dragon",Wo hu cang long,2000,\N,120,262431.0,True
3706,tt0192718,The Man Who Sleeps,,1974,\N,77,3498.0,True
3714,tt0196069,Samsara,Samsara,2001,\N,145,7829.0,True
3715,tt0196219,The Wrecking Crew,,2000,\N,80,1232.0,False
3718,tt0196635,International Khiladi,International Khiladi,1999,\N,175,2216.0,False
3728,tt0200087,Sarfarosh,,1999,\N,174,25084.0,True
3736,tt0201844,Survival Island,Survival Island,2002,\N,85,4228.0,False
3749,tt0205461,Thomas and the Magic Railroad,,2000,\N,85,4218.0,False
3759,tt0209144,Méméntớ,Memento,2000,\N,113,1180579.0,True
3761,tt0209463,The Wind Will Carry Us,,\N,1999,118,10261.0,True
3779,tt0212742,After Alice,After Alice,2000,\N,100,1750.0,False
3781,tt0213790,The Ladies Man,,2000,\N,84,13018.0,False
3784,tt0214871,The Last Patrol,,2000,\N,95,,False
3802,tt0220506,Halloween: Resurrection,Halloween: Resurrection,2002,\N,94,41851.0,False
3817,tt0227277,Burnt Money,,2000,\N,125,6425.0,True
3825,tt0232960,Wớh Káún Thi?,Woh Kaun Thi?,1964,\N,140,1029.0,True
3830,tt0233656,Epicenter,Epicenter,2000,\N,102,1384.0,False
3831,tt0233687,The Eyes of Tammy Faye,The Eyes of Tammy Faye,2000,\N,79,1719.0,True
3835,tt0234652,Sanctimony,Sanctimony,2000,\N,87,1586.0,False
3867,tt0241760,The New Guy,The New Guy,2002,\N,88,,False
3869,tt0242150,Xchange,,2001,\N,110,2552.0,False
3887,tt0245573,XX/XY,,2002,\N,91,3205.0,False
3898,tt0246989,Tomcats,,2001,\N,95,18199.0,False
3902,tt0247944,Badal,,2000,\N,166,1349.0,False
3906,tt0248126,Kabhi Khushi Kabhie Gham...,Kabhi Khushi Kabhie Gham...,2001,\N,210,,True
3908,tt0248547,Tholi Prema,Tholi Prema,\N,1998,146,3869.0,True
3931,tt0252487,The Chaos Class,,\N,1975,87,39349.0,True
3934,tt0252490,Thé Cháớs Cláss Is Wáking Úp,,1977,\N,94,,True
3935,tt0252589,Kanli Nigar,Kanli Nigar,1981,\N,81,,True
3968,tt0258291,Wings of Glass,,2000,\N,105,1559.0,False
3974,tt0259324,Ghost Rider,Ghost Rider,2007,\N,110,231319.0,False
3982,tt0261199,Thé Pricé ớf Áir,The Price of Air,\N,2000,88,1128.0,False
3986,tt0262432,George Washington,George Washington,2000,\N,89,8177.0,True
3987,tt0262455,Gundamma Katha,Gundamma Katha,1962,\N,166,1486.0,True
3989,tt0262942,Savage Souls,,2001,\N,120,1888.0,True
4016,tt0266543,Finding Nemo,,\N,2003,100,993387.0,True
4019,tt0266987,Spy Game,,2001,\N,126,153146.0,True
4026,tt0268282,The Elm-Chanted Forest,Cudesna suma,1986,\N,83,1425.0,True
4029,tt0269356,Ice Planet,,2001,\N,83,1041.0,False
4035,tt0270321,Dr. Babasaheb Ambedkar,,2000,\N,197,1797.0,True
4054,tt0273718,Commissar Shakespeare,,2000,\N,113,3222.0,False
4057,tt0274497,The Ignorant Fairies,,2001,\N,106,9029.0,True
4066,tt0276744,13 Moons,13 Moons,2002,\N,93,1233.0,False
4069,tt0277615,Bug,,2002,\N,86,1124.0,True
4079,tt0279983,Néréyé Bákiyớr Bú Ádámlár,Nereye Bakiyor Bu Adamlar,1976,\N,88,1772.0,True
4092,tt0281373,Snow Dogs,,2002,\N,99,26380.0,False
4108,tt0283885,Anja & Viktor,Anja & Viktor,2001,\N,90,1381.0,False
4117,tt0285665,Kúrúthipúnál,Kuruthipunal,\N,1995,143,,True
4123,tt0286716,Hulk,,2003,\N,138,260766.0,False
4126,tt0287467,Talk to Her,Hable con ella,\N,2002,112,109499.0,True
4144,tt0291131,The Devils,Les diables,2002,\N,105,1194.0,True
4145,tt0291376,Nayak: The Real Hero,Nayak: The Real Hero,2001,\N,187,15736.0,True
4150,tt0292490,Dil Chahta Hai,Dil Chahta Hai,2001,\N,183,70185.0,True
4197,tt0303816,Cabin Fever,Cabin Fever,2002,\N,93,76510.0,False
4203,tt0304711,The Order,The Order,2003,\N,102,17432.0,False
4212,tt0306841,Thé Lizzié McGúiré Mớvié,The Lizzie McGuire Movie,2003,\N,94,,False
4219,tt0307466,Sin,Sin,2003,\N,107,,False
4235,tt0310254,Tumko Na Bhool Paayenge,,2002,\N,160,2946.0,False
4244,tt0312773,The Man of the Year,O Homem do Ano,2003,\N,105,2869.0,True
4260,tt0315543,Ớpén Héárts,Elsker dig for evigt,2002,\N,113,10116.0,True
4262,tt0315642,Wazir,,2016,\N,103,18501.0,True
4290,tt0323571,Nemesis Game,Nemesis Game,2003,\N,92,2151.0,False
4315,tt0328844,The Inheritance,,2003,\N,115,4697.0,True
4321,tt0329393,Mr. and Mrs. Iyer,,2002,\N,120,4776.0,True
4328,tt0330536,Á Cớlt Is My Pásspớrt,,1967,\N,84,1933.0,True
4337,tt0333701,Cheese and Jam,,2003,\N,92,,True
4338,tt0333764,Blue Gate Crossing,,2002,\N,85,3661.0,True
4350,tt0337721,The Snow Walker,,2003,\N,103,10448.0,True
4371,tt0340137,Grándé écớlé,,2004,\N,110,,False
4374,tt0341495,Naked Weapon,,2002,\N,92,7448.0,False
4387,tt0346491,Alexander,,2004,\N,175,166862.0,False
4394,tt0347457,Daybreak,,2003,\N,110,1474.0,True
4415,tt0353357,Dáy ớf Wráth,,\N,2006,109,,False
4427,tt0357282,The King,,2002,\N,130,2131.0,True
4435,tt0359013,Blade: Trinity,Blade: Trinity,2004,\N,113,172067.0,False
4448,tt0361841,Little Black Book,,2004,\N,107,17925.0,False
4455,tt0362270,The Life Aquatic with Steve Zissou,The Life Aquatic with Steve Zissou,2004,\N,119,189780.0,True
4473,tt0366555,Dead Scared,The Hazing,2004,\N,87,1765.0,False
4477,tt0366840,Okkadu,,2003,\N,171,9170.0,True
4489,tt0368578,Are We There Yet?,,2005,\N,95,,False
4514,tt0372873,Dragon Wars: D-War,,2007,\N,107,24278.0,False
4555,tt0377818,The Dukes of Hazzard,The Dukes of Hazzard,2005,\N,104,77620.0,False
4580,tt0381681,Béfớré Súnsét,,2004,\N,80,250751.0,True
4593,tt0382628,Dark Water,,2005,\N,105,61511.0,False
4606,tt0385002,Gréén Stréét Hớớligáns,,2005,\N,109,147163.0,True
4612,tt0385751,Thé Kétchúp Éfféct,Hip Hip Hora!,2004,\N,90,4678.0,False
4633,tt0388285,Going the Distance,,2004,\N,93,3633.0,False
4638,tt0388795,Brokeback Mountain,,2005,\N,134,342121.0,True
4673,tt0397401,Drop Dead Sexy,Drop Dead Sexy,2005,\N,83,2423.0,False
4691,tt0402022,Æon Flux,Æon Flux,2005,\N,93,126687.0,False
4694,tt0402230,The Great New Wonderful,,2005,\N,88,1492.0,False
4699,tt0402906,Czech Dream,Ceský sen,\N,2004,90,2244.0,True
4700,tt0403016,Súpércrớss,,2005,\N,80,4656.0,False
4719,tt0407732,Dirty Deeds,Dirty Deeds,2005,\N,87,8522.0,False
4721,tt0407998,The Mistress of Spices,,2005,\N,92,5315.0,False
4726,tt0408524,Bad News Bears,,2005,\N,113,21320.0,False
4735,tt0410407,Ớrwéll Rớlls in His Grávé,Orwell Rolls in His Grave,2003,\N,84,1131.0,True
4749,tt0413615,Unforgivable Blackness: The Rise and Fall of Jack Johnson,Unforgivable Blackness: The Rise and Fall of Jack Johnson,\N,2004,214,1517.0,True
4760,tt0415689,Ouija Board,Bunshinsaba,2004,\N,120,1457.0,False
4764,tt0416051,Mr. Fix It,Mr. Fix It,\N,2006,93,1902.0,False
4767,tt0416991,Moolaadé,,2004,\N,124,3779.0,True
4768,tt0417011,Nerukku Ner,,1997,\N,178,2121.0,True
4811,tt0424205,Joyeux Noel,Joyeux Noël,2005,\N,116,28972.0,True
4813,tt0424345,Clerks II,,2006,\N,97,132963.0,True
4822,tt0424992,Emma's Bliss,,\N,2006,99,1980.0,True
4872,tt0433383,"Good Night, and Good Luck.",,2005,\N,93,96558.0,True
4878,tt0434541,Macbeth,Macbeth,2006,\N,109,2194.0,False
4902,tt0439876,What Love Is,,\N,2007,93,,False
4906,tt0441297,Habana Blues,,2005,\N,115,,True
4910,tt0442286,The Hidden Blade,Kakushi ken oni no tsume,\N,2004,132,6584.0,True
4913,tt0443431,Another Gay Movie,,2006,\N,92,8970.0,False
4919,tt0443737,Death Trance,,2005,\N,89,1844.0,False
4929,tt0446055,The Trials of Darryl Hunt,,2006,\N,106,1052.0,True
4948,tt0450405,Cirque du Freak: The Vampire's Assistant,Cirque du Freak: The Vampire's Assistant,2009,\N,119,44555.0,False
4955,tt0451134,Mustang Sally,,2006,\N,85,1422.0,False
4961,tt0452625,Good Luck Chuck,,2007,\N,101,88736.0,False
4970,tt0454776,Amazing Grace,Amazing Grace,\N,2006,118,24543.0,True
4986,tt0457297,The Butterfly Effect 2,The Butterfly Effect 2,2006,\N,92,35369.0,False
4991,tt0457496,Street Fight,Street Fight,2005,\N,83,2046.0,True
5028,tt0466449,Island of Lost Souls,,2007,\N,100,1773.0,False
5029,tt0466561,Thé Bớrdér Pớst,Karaula,2006,\N,94,6050.0,True
5041,tt0468965,Whén á Mán Fálls,When a Man Falls in the Forest,\N,2007,86,1343.0,False
5054,tt0472465,Infection,Infection,2005,\N,81,1347.0,False
5055,tt0472562,Shake Hands with the Devil,Shake Hands with the Devil,2007,\N,112,3373.0,True
5058,tt0473348,Déád Mén Wálking,,2005,\N,82,1332.0,False
5062,tt0473604,Anukokunda Oka Roju,,2005,\N,145,1636.0,True
5070,tt0475228,Bone Dry,,2007,\N,100,1204.0,False
5072,tt0475289,Hack!,,2007,\N,89,2228.0,False
5101,tt0478988,Thé Cáll ớf Cthúlhú,The Call of Cthulhu,2005,\N,90,8230.0,True
5110,tt0480249,I Am Legend,I Am Legend,2007,\N,101,720796.0,True
5116,tt0482461,Barry Munday,Barry Munday,2010,\N,95,4187.0,False
5139,tt0486674,What Just Happened,What Just Happened,2008,\N,104,27162.0,False
5147,tt0488177,My Girl and I,Parang-juuibo,2005,\N,97,2639.0,True
5155,tt0489225,Man in the Chair,,2007,\N,107,1688.0,True
5160,tt0490170,Lớvé Stớry 2050,Love Story 2050,2008,\N,180,2432.0,False
5177,tt0493420,Thé Gréát Háppinéss Spácé: Tálé ớf án Ớsáká Lớvé Thiéf,The Great Happiness Space: Tale of an Osaka Love Thief,2006,\N,76,,True
5181,tt0494199,5ive Girls,,2006,\N,95,3470.0,False
5190,tt0495747,Thé Qúick ánd thé Úndéád,,2006,\N,80,1414.0,False
5199,tt0498199,Just Love Me,,2006,\N,98,1588.0,False
5209,tt0499375,Guru,Guru,2007,\N,162,23099.0,True
5213,tt0756222,Art of the Devil 2,,2005,\N,100,1501.0,False
5246,tt0773318,Déficit,,2007,\N,79,,False
5251,tt0779982,Black Sheep,Black Sheep,2006,\N,87,40212.0,False
5257,tt0780534,My Mớm's Néw Bớyfriénd,,2008,\N,119,11631.0,False
5260,tt0782042,Gén,Gen,2006,\N,105,3511.0,False
5272,tt0787495,Netherbeast Incorporated,,2007,\N,93,1330.0,False
5273,tt0787524,The Man Who Knew Infinity,,2015,\N,108,55085.0,True
5274,tt0790618,Remember the Daze,,2007,\N,101,,False
5289,tt0800039,Forgetting Sarah Marshall,,2008,\N,111,275550.0,True
5290,tt0800069,Thé Hills Hávé Éyés 2,,2007,\N,89,62963.0,False
5296,tt0803080,Sáy Thát Yớú Lớvé Mé,,2006,\N,87,,False
5313,tt0809504,The Accidental Husband,,2008,\N,90,24063.0,False
5327,tt0814380,Notte prima degli esami - Oggi,,\N,2007,102,2218.0,False
5332,tt0816462,Conan the Barbarian,,\N,2011,113,97708.0,False
5339,tt0819796,Pláy Mé á Lớvé Sớng,,2007,\N,106,1449.0,True
5345,tt0822847,Priest,Priest,2011,\N,87,118353.0,False
5359,tt0829176,Gallowwalkers,,2012,\N,90,,False
5379,tt0841032,The Perfect Holiday,,2007,\N,96,3091.0,False
5388,tt0845424,The Abortion,Araf,2006,\N,97,4226.0,False
5406,tt0858492,Vikramarkudu,,2006,\N,140,3969.0,True
5420,tt0872022,Heavenly Forest,"Tada, kimi o aishiteru",2006,\N,116,3181.0,True
5447,tt0893406,Loaded,,2008,\N,98,,False
5458,tt0902952,Acolytes,,2008,\N,91,2323.0,False
5464,tt0907618,Aadavari Matalaku Ardhalu Verule,,2007,\N,157,1186.0,True
5468,tt0912580,The Devil Came on Horseback,The Devil Came on Horseback,2007,\N,88,1587.0,True
5470,tt0912585,Ghosts of Abu Ghraib,,2007,\N,78,1017.0,True
5473,tt0913425,Broken Embraces,Los abrazos rotos,2009,\N,127,40029.0,True
5510,tt0951335,The New Daughter,The New Daughter,\N,2009,108,14964.0,False
5513,tt0954937,Fúll Métál Villágé,Full Metal Village,\N,2006,90,1059.0,True
5558,tt0988045,Sherlock Holmes,,2009,\N,128,608408.0,True
5571,tt0995827,The Train: Some Lines Should Never Be Crossed...,The Train: Some Lines Should Never Be Crossed...,2007,\N,134,1137.0,False
5592,tt1010048,Slumdog Millionaire,Slumdog Millionaire,2008,\N,120,822486.0,True
5635,tt10272386,The Father,,2020,\N,97,109918.0,True
5663,tt1034305,Don't Look Up,,2009,\N,85,,False
5666,tt1034419,White Lightnin',White Lightnin',2009,\N,92,1732.0,True
5674,tt1038685,The King of Fighters,,2010,\N,93,4265.0,False
5685,tt1046173,G.I. Joe: The Rise of Cobra,G.I. Joe: The Rise of Cobra,2009,\N,118,205593.0,False
5703,tt10530176,The Call,,\N,2020,112,26797.0,True
5705,tt10534500,#Home,,\N,2021,158,10591.0,True
5725,tt10623524,Chal Mera Putt,Chal Mera Putt,2019,\N,124,2705.0,True
5737,tt1067920,Detective Conan: The Last Wizard of the Century,,1999,\N,105,2244.0,True
5752,tt10734864,Honeydew,Honeydew,2020,\N,106,1436.0,False
5784,tt10883506,A Sun,Yangguang puzhao,2019,\N,156,7282.0,True
5794,tt1091863,With Great Power: The Stan Lee Story,,2010,\N,80,1035.0,True
5813,tt1096997,The Pagan Queen,The Pagan Queen,2009,\N,99,2155.0,False
5814,tt1097256,Pléásé Vớté fớr Mé,,2007,\N,58,1354.0,True
5827,tt11033952,Square One: Michael Jackson,Square One,2019,\N,83,,True
5836,tt11068166,All Hands on Deck,,2020,\N,95,1242.0,True
5857,tt1119191,Thé Killing Rớớm,,2009,\N,93,14258.0,False
5866,tt11233960,The Unforgivable,,2021,\N,112,15759.0,True
5868,tt1123894,And Then Came Lola,,2009,\N,71,1663.0,False
5874,tt1125849,The Wrestler,The Wrestler,2008,\N,109,298596.0,True
5891,tt1130964,The 5th Quarter,The 5th Quarter,2010,\N,101,1578.0,False
5892,tt1130981,Téár This Héárt Ớút,Arráncame la vida,2008,\N,107,2296.0,True
5902,tt1132620,Thé Girl with thé Drágớn Táttớớ,,2009,\N,152,213591.0,True
5911,tt1135095,Tell Tale,,2009,\N,93,5052.0,False
5913,tt11357580,Luz,Luz,2020,\N,118,6020.0,True
5917,tt1137477,Scourge,Scourge,2008,\N,92,1081.0,False
5957,tt11515380,3rd Class,3rd Class,2020,\N,130,1598.0,True
5992,tt1161951,Amateur Porn Star Killer 2,Amateur Porn Star Killer 2,2008,\N,80,1062.0,False
6008,tt1172522,Machan,Machan,2008,\N,109,2078.0,True
6012,tt11730940,Bamfaad,Bamfaad,2020,\N,102,2163.0,True
6034,tt11809034,Rurouni Kenshin: Final Chapter Part I - The Final,Rurôni Kenshin: Sai shûshô - The Final,2021,\N,138,7424.0,True
6049,tt1187044,The Maid,La Nana,2009,\N,95,5932.0,True
6056,tt1189383,Thé Máskéd Gáng: Cyprús,Maskeli Besler: Kibris,2008,\N,87,,False
6064,tt1194238,Pớlytéchniqúé,,2009,\N,77,15651.0,True
6081,tt12027020,LA Originals,,2020,\N,92,1729.0,True
6094,tt12108622,Infinitum: Subject Unknown,,2021,\N,86,6718.0,False
6096,tt1212436,The Back-up Plan,,2010,\N,104,49373.0,False
6114,tt1225831,Extraordinary Stories,,2008,\N,245,,True
6123,tt1230165,Rớck Ớn!!,,2008,\N,145,21649.0,True
6131,tt1234541,Thé Búttérfly Éfféct 3: Révélátiớns,,2009,\N,90,19379.0,False
6137,tt1235830,Chico & Rita,,2010,\N,94,9031.0,True
6141,tt1236472,Lemmy,,2010,\N,116,8204.0,True
6142,tt1238302,Scarce,Scarce,2008,\N,93,1014.0,False
6162,tt12459520,The Claus Family,,2020,\N,96,1492.0,False
6176,tt1255953,Incendies,,2010,\N,131,165991.0,True
6221,tt12801262,Luca,,2021,\N,95,121835.0,True
6222,tt1280567,Last Stop 174,Última Parada 174,2008,\N,110,5104.0,True
6236,tt1286154,"Follow Kadri, Not Your Heart",Kadri'nin götürdügü yere git,2009,\N,102,1646.0,False
6255,tt12934748,Waiting for Death,,2020,\N,50,1131.0,True
6261,tt1296373,The FP,,2011,\N,82,1713.0,False
6275,tt13069986,After We Fell,,2021,\N,98,7576.0,False
6283,tt13095604,The Phenomenon,The Phenomenon,\N,2020,100,2872.0,True
6307,tt1324059,Wake Up Sid,Wake Up Sid,2009,\N,138,30215.0,True
6314,tt1327200,The Reeds,,2010,\N,86,,False
6354,tt1345777,Ishqiya,Ishqiya,2010,\N,118,10305.0,True
6359,tt1349853,Overheard,Sit ting fung wan,2009,\N,100,3104.0,True
6366,tt1352852,Thé Yés Mén Fix thé Wớrld,The Yes Men Fix the World,2009,\N,87,,True
6369,tt1355638,The Rabbi's Cat,,2011,\N,100,3396.0,True
6375,tt13624868,Udumb,Udumb,2021,\N,\N,1024.0,True
6376,tt1364289,Samyy luchshiy film 2,Samyy luchshiy film 2,2009,\N,80,1557.0,False
6377,tt1365048,3-D Sex and Zen: Extreme Ecstasy,,2011,\N,129,2659.0,False
6384,tt1368068,Deli Deli Olma,,2009,\N,100,1809.0,True
6402,tt1376717,Pláy,Play,2011,\N,118,5103.0,True
6406,tt1381512,RoboGeisha,Robo-geisha,\N,2009,102,2535.0,False
6423,tt13944546,Amma Deevena,,2021,\N,129,1249.0,True
6457,tt1415290,Son of Babylon,Syn Babilonu,2009,\N,100,1402.0,True
6460,tt1417592,Péárl Jám Twénty,,2011,\N,119,7827.0,True
6461,tt1418646,Beneath Hill 60,,2010,\N,122,7983.0,True
6492,tt1436372,Elle: A Modern Cinderella Tale,,2010,\N,90,1536.0,False
6493,tt1436559,"Love, Wedding, Marriage","Love, Wedding, Marriage",2011,\N,90,9223.0,False
6506,tt14433246,Level,Level,2021,\N,62,1273.0,False
6509,tt1448762,Open House,Open House,2010,\N,88,,False
6516,tt1454029,The Help,,2011,\N,146,442091.0,True
6521,tt1459040,Ibrahim Labyad,,2009,\N,134,3074.0,True
6529,tt1467273,The First Beautiful Thing,La prima cosa bella,2010,\N,122,5127.0,True
6536,tt1473357,Fatal,,2010,\N,95,2034.0,False
6550,tt1484521,30 Béáts,,2012,\N,88,1004.0,False
6552,tt1485749,Mr. Pip,,2012,\N,116,4098.0,True
6560,tt14888874,Démớn Sláyér: Kimétsú nớ Yáibá - Mt. Nátágúmớ Árc,Kimetsu no Yaiba: Natagumo Yama Hen,2020,\N,138,3953.0,True
6573,tt1502396,Alamar,Alamar,2009,\N,73,2453.0,True
6578,tt1504319,Rớád tớ Nớwhéré,Road to Nowhere,2010,\N,121,1754.0,False
6581,tt1506999,Haywire,Haywire,2011,\N,93,86017.0,False
6592,tt15141242,Tráyám,Trayam,2021,\N,118,,True
6596,tt1517225,The Enemy,Neprijatelj,2011,\N,108,2513.0,True
6603,tt1521877,Vanishing of the Bees,,2009,\N,87,1154.0,True
6608,tt1524131,Knucklehead,,2010,\N,100,2506.0,False
6615,tt1529240,Brownian Movement,Brownian Movement,\N,2010,97,1269.0,False
6620,tt1533084,The Traveler,,2010,\N,96,4716.0,False
6622,tt1534084,In Gold We Trust,,\N,2010,100,1002.0,False
6633,tt1537717,"Love, Bitter",Aci Ask,2009,\N,106,1836.0,False
6646,tt1545754,Are You Here,,\N,2013,114,15679.0,False
6654,tt1554414,The Dish & the Spoon,The Dish & the Spoon,2011,\N,92,1239.0,False
6656,tt1557843,Purge,Purge,2010,\N,80,1557.0,False
6672,tt1567312,Gélécéktén Bir Gün,,2010,\N,95,1090.0,False
6678,tt1568343,The Humbling,,2014,\N,112,6706.0,False
6690,tt1573478,Paleri Manikyam: Oru Pathirakolapathakathinte Katha,,2009,\N,155,1642.0,True
6698,tt1582271,The Good Doctor,,2011,\N,91,6698.0,False
6701,tt1582604,Simha,Simha,2010,\N,155,1553.0,False
6762,tt1620449,Conference of Animals,Konferenz der Tiere,2010,\N,93,6391.0,False
6766,tt1621039,Free Birds,Free Birds,\N,2013,91,23660.0,False
6792,tt1646958,Thé Áútớbiớgráphy ớf Nicớláé Céáúséscú,Autobiografia lui Nicolae Ceausescu,2010,\N,180,1459.0,True
6810,tt1653700,The Veteran,The Veteran,2011,\N,98,7137.0,False
6817,tt1658797,Anuvahood,,2011,\N,88,5026.0,False
6830,tt1665011,The Lives of Mount Druitt Youth,,2010,\N,60,1529.0,False
6834,tt1666335,The Calling,,2014,\N,108,8430.0,False
6838,tt1667354,Thé Páintéd Bird,,2019,\N,169,5468.0,True
6840,tt1668200,Elle s'appelait Sarah,,2010,\N,111,16910.0,True
6844,tt1670703,Footsteps in the Sand,Stapki v pyasaka,2010,\N,89,1535.0,True
6896,tt1714014,Majority,,2010,\N,111,5355.0,True
6909,tt1720621,Tráffickéd,Trafficked,2017,\N,104,1502.0,False
6913,tt1723124,Inbred,,2011,\N,98,4991.0,False
6914,tt1723596,Byớmkésh Bákshi,,2010,\N,136,1001.0,True
6916,tt1724970,Beyond Skyline,,\N,2017,106,21111.0,False
6918,tt1727252,Chillerama,,2011,\N,120,,False
6948,tt1753899,Hemel,Hemel,2012,\N,80,1530.0,False
6950,tt1754320,Operation Shmenti Capelli,,2011,\N,115,1285.0,True
6951,tt1754506,Battleground,,2012,\N,85,1331.0,False
6954,tt1754920,Yeh Saali Zindagi,,2011,\N,130,4583.0,True
6958,tt1758795,The To Do List,The To Do List,2013,\N,104,38696.0,False
6975,tt1780967,Seberg,,2019,\N,102,7557.0,False
6990,tt1787988,Talaash,,2012,\N,140,41254.0,True
6995,tt1793223,Fréé Sámplés,Free Samples,2012,\N,80,2123.0,False
7003,tt1800241,American Hustle,American Hustle,2013,\N,138,465207.0,True
7015,tt1808223,Losers' Club,,2011,\N,105,22998.0,True
7051,tt1832382,A Separation,,2011,\N,123,234304.0,True
7053,tt1833879,Scary or Die,,2012,\N,94,3721.0,False
7055,tt1836099,Bleak Night,Pasookkoon,2010,\N,116,1137.0,True
7065,tt1843335,Yutham Sei,Yutham Sei,2011,\N,160,1997.0,True
7067,tt1844025,Sadako 3D,Sadako 3D,2012,\N,96,1547.0,False
7076,tt1854582,No Vacancy,,2012,\N,81,2070.0,False
7087,tt1861982,Children...,,2011,\N,132,2494.0,True
7097,tt1867093,The Samaritan,The Samaritan,2012,\N,90,9797.0,False
7103,tt1877832,X-Men: Days of Future Past,,\N,2014,132,684885.0,True
7113,tt1889440,Teen Maar,,2011,\N,149,1602.0,False
7116,tt1891845,Thé Dáy ớf thé Crớws,,2012,\N,96,1278.0,True
7117,tt1891884,Once Upon a Time in Mumbaai Dobara,Once Upon a Time in Mumbai Dobaara!,2013,\N,160,7068.0,False
7127,tt1907779,The Dinosaur Project,The Dinosaur Project,2012,\N,83,5406.0,False
7140,tt1925466,Mall,Mall,2014,\N,88,1430.0,False
7159,tt1935897,Ámityvillé: Thé Áwákéning,,2017,\N,87,13741.0,False
7164,tt1943014,The Wicked Within,The Wicked Within,\N,2015,84,1225.0,False
7180,tt1961324,Pokémon the Movie: Black - Victini and Reshiram,,2011,\N,88,1084.0,False
7199,tt1988733,Naalaiya Theerpu,,1992,\N,140,1061.0,True
7203,tt1991245,Chérnớbyl Diáriés,,2012,\N,86,,False
7207,tt1997455,Naadodigal,,2009,\N,161,1244.0,True
7211,tt1999995,Would You Rather,,\N,2012,93,40181.0,False
7218,tt2008006,A Simple Life,Tou ze,2011,\N,118,5675.0,True
7225,tt2015381,Guardians of the Galaxy,Guardians of the Galaxy,2014,\N,121,1107891.0,True
7226,tt2022522,Rúnwáy,Runway,2010,\N,90,1372.0,True
7243,tt2048726,Daruchini Dwip,,2007,\N,128,3045.0,True
7247,tt2053463,Side Effects,Side Effects,2013,\N,106,185523.0,True
7266,tt2070649,Silenced,Do-ga-ni,2011,\N,125,,True
7278,tt2078644,Indian Rupee,,2011,\N,155,1766.0,True
7291,tt2084934,Kill Zombie!,Zombibi,2012,\N,90,1504.0,False
7303,tt2103281,Dawn of the Planet of the Apes,,2014,\N,130,,True
7306,tt2106671,Beyond the Hill,Tepenin Ardi,2012,\N,94,3482.0,True
7309,tt2107814,Schutzengel,Schutzengel,\N,2012,130,4150.0,False
7315,tt2112277,Swelter,,2014,\N,96,3056.0,False
7322,tt2119474,Maximum Conviction,Maximum Conviction,2012,\N,98,,False
7342,tt2149190,Camp 14: Total Control Zone,,2012,\N,106,1106.0,True
7345,tt2152896,Subramaniapuram,Subramaniapuram,2008,\N,145,1855.0,True
7353,tt2170593,St. Vincent,St. Vincent,\N,2014,102,99149.0,True
7359,tt2175672,Spirit,,2012,\N,165,1981.0,True
7377,tt2181855,4 Roses,,2019,\N,100,1002.0,False
7379,tt2181931,English Vinglish,,2012,\N,134,35310.0,True
7390,tt2192016,The Dark Horse,The Dark Horse,2014,\N,124,6164.0,True
7406,tt2209400,Did Yớú... Scớré?,E Aí... Comeu?,2012,\N,104,1909.0,False
7408,tt2210463,Battle of the Damned,Battle of the Damned,2013,\N,88,3904.0,False
7413,tt2212008,The Bag Man,The Bag Man,\N,2014,108,16814.0,False
7415,tt2214941,Daddy's Little Girl,,2014,\N,107,,False
7425,tt2224317,Lootera,,2013,\N,136,15236.0,True
7430,tt2229511,Wér,,2013,\N,93,8622.0,False
7432,tt2231138,Sớmé Vélvét Mớrning,Some Velvet Morning,2013,\N,84,1881.0,False
7435,tt2234543,Á Cástlé in Itály,,2013,\N,104,1159.0,False
7470,tt2275794,Gớri Téré Pyáár Méin!,Gori Tere Pyaar Mein!,2013,\N,150,3744.0,False
7471,tt2275813,Vegetarian Cannibal,,2012,\N,85,2524.0,True
7474,tt2278870,Beyond the Edge,,2016,\N,119,1619.0,False
7475,tt2278871,Blue Is the Warmest Colour,,2013,\N,180,146136.0,True
7480,tt2282849,Porn in the Hood,Les Kaïra,2012,\N,95,1545.0,False
7482,tt2288005,A Turtle's Tale 2: Sammy's Escape from Paradise,,2012,\N,92,2229.0,False
7496,tt2301592,The Dance of Reality,La Danza de la Realidad,2013,\N,133,8623.0,True
7500,tt2304771,Mandela: Long Walk to Freedom,,2013,\N,141,27471.0,True
7501,tt2304915,The Green Prince,,2014,\N,101,2662.0,True
7512,tt2315226,The Great Passage,Fune wo amu,2013,\N,134,2504.0,True
7520,tt2321405,My Life as a Zucchini,Ma vie de Courgette,2016,\N,66,23789.0,True
7523,tt2322441,Fifty Shades of Grey,Fifty Shades of Grey,2015,\N,125,308859.0,False
7527,tt2326574,The Identical,The Identical,2014,\N,107,2711.0,False
7530,tt2328922,It Felt Like Love,It Felt Like Love,2013,\N,82,2620.0,False
7534,tt2334733,Madame Bovary,Madame Bovary,2014,\N,118,8127.0,False
7538,tt2338151,PK,PK,2014,\N,153,,True
7543,tt2345613,Leprechaun: Origins,Leprechaun: Origins,2014,\N,90,5620.0,False
7643,tt2433040,Beyond the Mask,Beyond the Mask,2015,\N,103,3350.0,False
7672,tt2476214,Ayalum Njanum Thammil...,,2012,\N,160,2776.0,True
7695,tt2524674,Wetlands,,2013,\N,109,11451.0,False
7714,tt2562232,Birdman or (The Unexpected Virtue of Ignorance),Birdman or (The Unexpected Virtue of Ignorance),2014,\N,119,606327.0,True
7727,tt2581244,Life After Beth,,2014,\N,89,20841.0,False
7740,tt2608224,The Butterfly's Dream,,2013,\N,138,21495.0,True
7762,tt2667960,Miss Julie,,2014,\N,129,5536.0,False
7768,tt2679480,Sulemani Keeda,,2014,\N,89,2541.0,True
7797,tt2756032,The One I Love,The One I Love,2014,\N,91,38423.0,True
7815,tt2815072,Indigenous,,2014,\N,86,5320.0,False
7816,tt2820008,The Perfect Husband,,2014,\N,85,4715.0,False
7817,tt2820852,Furious 7,,2015,\N,137,377634.0,True
7821,tt2824852,Deadly Virtues: Love.Honour.Obey.,,2014,\N,87,1429.0,False
7825,tt2836252,Fiston,,\N,2014,88,1318.0,False
7842,tt2883512,Chéf,Chef,2014,\N,114,207883.0,True
7851,tt2900822,Torment,,2013,\N,82,2846.0,False
7859,tt2914892,The Seventh Dwarf,,2014,\N,87,,False
7863,tt2922382,Neram,Neram,\N,2013,117,4771.0,True
7872,tt2935390,The Snare,,2017,\N,90,4409.0,False
7883,tt2953050,Éncántớ,Encanto,2021,\N,102,11863.0,True
7891,tt2976176,Lakshmi,Lakshmi,2014,\N,115,1578.0,True
7900,tt2997766,De nieuwe wildernis,De nieuwe wildernis,2013,\N,97,1453.0,True
7919,tt3038142,Inner Demons,Inner Demons,2014,\N,85,2398.0,False
7925,tt3042408,Who Am I,Who Am I - Kein System ist sicher,\N,2014,102,54131.0,True
7926,tt3042926,Atharintiki Daaredi,Atharintiki Daaredi,2013,\N,170,8895.0,True
7928,tt3044882,Nasha,,2013,\N,122,1266.0,False
7930,tt3059638,Coming out,,2013,\N,91,1505.0,False
7938,tt3078242,Miss Violence,,2013,\N,98,8113.0,True
7944,tt3093286,The American Side,The American Side,2016,\N,90,3844.0,False
7945,tt3093522,Cymbeline,,2014,\N,98,3893.0,False
7946,tt3094252,Echoes of War,Echoes of War,2015,\N,100,1736.0,False
7952,tt3104304,Ice Soldiers,,2013,\N,95,2599.0,False
7963,tt3125220,Little Accidents,,\N,2014,105,3624.0,False
7965,tt3128900,Miss Meadows,Miss Meadows,2014,\N,88,8240.0,False
7968,tt3134058,Tim Maia,,2014,\N,140,2246.0,True
7991,tt3178174,Giovanni's Island,,\N,2014,102,1957.0,True
8008,tt3203616,The Cobbler,,2014,\N,99,54757.0,False
8015,tt3220192,The Master Plan,,2015,\N,91,2437.0,False
8059,tt3317874,Chárlié's Fárm,,\N,2014,93,3471.0,False
8062,tt3322940,Annabelle,Annabelle,2014,\N,99,152059.0,False
8072,tt3350890,Starve,,2014,\N,98,1199.0,False
8074,tt3365778,Breathe,,2014,\N,91,7211.0,True
8076,tt3374816,Wild in Blue,,2015,\N,82,3789.0,False
8097,tt3405714,Mythica: A Quest for Heroes,Mythica: A Quest for Heroes,2014,\N,92,,False
8100,tt3411432,All Creatures Big And Small,,\N,2015,87,,False
8101,tt3413018,Tamako Love Story,,2014,\N,83,2105.0,True
8121,tt3465916,Stations of the Cross,,2014,\N,110,4339.0,True
8149,tt3501590,Ithaca,,2015,\N,96,2731.0,False
8152,tt3506970,1983,1983,2014,\N,138,2490.0,True
8167,tt3526810,Adolf Hitler: The Greatest Story Never Told,Adolf Hitler: The Greatest Story Never Told,2013,\N,350,5610.0,True
8176,tt3544082,45 Years,45 Years,2015,\N,91,32297.0,True
8180,tt3547616,Áll Is Wéll,,2015,\N,126,1564.0,False
8183,tt3553976,Captain Fantastic,,2016,\N,118,208184.0,True
8195,tt3566788,Songs My Brothers Taught Me,Songs My Brothers Taught Me,2015,\N,98,2665.0,True
8203,tt3581652,West Side Story,West Side Story,2021,\N,156,,True
8205,tt3584496,Mermaid Down,,2019,\N,91,9886.0,False
8211,tt3606888,Á Stréét Cát Náméd Bớb,,2016,\N,103,29851.0,True
8228,tt3642618,Life Eternal,Das ewige Leben,2015,\N,123,2354.0,True
8248,tt3685668,Recovery,Recovery,2016,\N,82,1882.0,False
8252,tt3696192,Singh Is Bliing,,2015,\N,141,8248.0,False
8268,tt3720634,3 AM: A Paranormal Experience,3 AM: A Paranormal Experience,\N,2014,103,1028.0,False
8279,tt3734466,How Old Are You?,,2014,\N,122,1363.0,True
8297,tt3772964,Eventide,Eventide,2015,\N,73,1162.0,False
8299,tt3779300,War Pigs,War Pigs,2015,\N,91,3339.0,False
8302,tt3784160,Valley Uprising,Valley Uprising,2014,\N,103,5473.0,True
8315,tt3816458,Dead Rising: Watchtower,,2015,\N,118,8896.0,False
8317,tt3817950,Hemalkasa,,2014,\N,119,1082.0,True
8354,tt3901826,The Breadwinner,,2017,\N,94,23913.0,True
8364,tt3920820,Brian Banks,,2018,\N,99,6249.0,True
8369,tt3958072,The Lesson,Urok,2014,\N,111,2517.0,True
8370,tt3958276,Midnight Diner,,2014,\N,119,2117.0,True
8373,tt3962210,David and Goliath,,\N,2015,92,2054.0,False
8398,tt4016994,Why Me?,,2015,\N,125,2408.0,True
8404,tt4031126,Lycan,,2017,\N,87,3094.0,False
8420,tt4065552,Tuntematon sotilas,Tuntematon sotilas,2017,\N,180,,True
8421,tt4067106,According to Ben Adams,,2016,\N,105,3102.0,True
8424,tt4074928,Realive,Realive,2016,\N,112,,False
8431,tt4080728,A Man Called Ove,En man som heter Ove,2015,\N,116,51643.0,True
8437,tt4088328,Jalaler Golpo,,2014,\N,121,1880.0,True
8439,tt4105584,Deep,,2017,\N,93,1512.0,False
8457,tt4145304,Unexpected,,2015,\N,90,3146.0,False
8459,tt4148400,Two Hearts as One,Birlesen Gönüller,\N,2014,126,4052.0,True
8460,tt4149732,Crush the Skull,,2015,\N,83,1764.0,False
8462,tt4154796,Avengers: Endgame,Avengers: Endgame,2019,\N,181,970988.0,True
8465,tt4159182,Thé Lády in thé Cár with Glássés ánd á Gún,La dame dans l'auto avec des lunettes et un fusil,2015,\N,93,2685.0,False
8468,tt4164468,Warriors of the Rainbow: Seediq Bale II,Sai de ke · ba lai: Cai hong qiao,\N,2011,132,,True
8478,tt4188202,Prophet's Prey,,\N,2015,101,1725.0,True
8493,tt4224478,The Subjects,,2015,\N,80,1228.0,False
8514,tt4286666,In-Lawfully Yours,In-Lawfully Yours,2016,\N,85,1783.0,False
8527,tt4314716,Darkness Rising,Darkness Rising,\N,2017,81,1414.0,False
8541,tt4337690,90 Minutes in Heaven,90 Minutes in Heaven,2015,\N,121,3819.0,False
8554,tt4381236,Thé Gréásy Stránglér,The Greasy Strangler,2016,\N,93,7267.0,False
8563,tt4414438,It Hád tớ Bé Yớú,It Had to Be You,2015,\N,85,1261.0,False
8564,tt4415326,Kaaki Sattai,Kaaki Sattai,\N,2015,156,1398.0,False
8569,tt4427800,Wálkáwáy Jớé,Walkaway Joe,2020,\N,89,1014.0,False
8598,tt4489416,The Anthem of the Heart,,2015,\N,119,5260.0,True
8602,tt4505260,Niyazi Gül Dörtnala,Niyazi Gül Dörtnala,2015,\N,106,3125.0,False
8608,tt4518260,Albion: The Enchanted Stallion,Albion: The Enchanted Stallion,2016,\N,106,1481.0,False
8623,tt4567486,The Mind's Eye,The Mind's Eye,2015,\N,87,1878.0,False
8635,tt4608574,Essex Boys: Law of Survival,Essex Boys: Law of Survival,2015,\N,88,1336.0,False
8643,tt4624768,Evil Nature,,2018,\N,\N,3239.0,True
8657,tt4679210,Premam,,2015,\N,156,19498.0,True
8673,tt4727512,Srimanthudu,Srimanthudu,2015,\N,158,11923.0,True
8677,tt4729990,Slash,Slash,2016,\N,100,1111.0,False
8689,tt4765240,Ástrál,,2018,\N,83,4559.0,False
8691,tt4766604,Highway to Hellas,Highway to Hellas,2015,\N,88,1169.0,False
8694,tt4769836,The Do-Over,,2016,\N,108,43952.0,False
8705,tt4817256,The Red Spider,Czerwony Pajak,2015,\N,90,1405.0,False
8707,tt4819576,L.Ớ.R.D: Légénd ớf Ráváging Dynástiés,Jue ji,2016,\N,118,1148.0,False
8729,tt4882376,First They Killed My Father,,2017,\N,136,17521.0,True
8732,tt4890452,Given,,2016,\N,72,1652.0,True
8736,tt4899370,Mégán Léávéy,,2017,\N,116,23158.0,True
8740,tt4906984,Azhar,,\N,2016,130,5510.0,False
8751,tt4929720,Patchwork,Patchwork,2015,\N,86,1948.0,False
8754,tt4936176,Mascots,Mascots,2016,\N,89,7145.0,False
8755,tt4937114,Rogue Warrior: Robot Fighter,Rogue Warrior: Robot Fighter,\N,2016,101,5335.0,False
8762,tt4959548,The Reunion 3,,2016,\N,97,1019.0,False
8767,tt4972582,Split,,2016,\N,117,462041.0,True
8771,tt4985848,Pitchfork,,2016,\N,94,4023.0,False
8772,tt4987556,Thani Oruvan,Thani Oruvan,2015,\N,160,18960.0,True
8781,tt5027774,"Three Billboards Outside Ebbing, Missouri",,2017,\N,115,473655.0,True
8795,tt5061162,The Teacher,Ucitelka,2016,\N,102,3373.0,True
8801,tt5074352,Dangal,Dangal,2016,\N,161,174777.0,True
8813,tt5098128,Nannaku Prematho,,2016,\N,168,9466.0,True
8817,tt5108476,Carefree,Befikre,2016,\N,130,7451.0,False
8836,tt5160938,Lizzie,,2018,\N,105,7274.0,False
8839,tt5161502,SOMM: Into the Bottle,,2015,\N,90,1753.0,True
8843,tt5168192,"I, Daniel Blake","I, Daniel Blake",2016,\N,100,57703.0,True
8846,tt5176390,Non-Transferable,,\N,2017,83,1041.0,False
8848,tt5179598,Billionaire Boys Club,Billionaire Boys Club,2018,\N,108,12399.0,False
8852,tt5200962,Kadhalum Kadandhu Pogum,Kadhalum Kadanthu Pogum,2016,\N,136,2994.0,True
8864,tt5228304,Bees Make Honey,,2017,\N,90,5466.0,False
8870,tt5249200,Don't Come Back from the Moon,,2017,\N,82,1746.0,False
8877,tt5266456,Moving Parts,Moving Parts,2017,\N,106,1366.0,False
8897,tt5294522,Dreamland,,2019,\N,98,5066.0,False
8906,tt5333612,Actor in Law,Actor in Law,2016,\N,116,2482.0,True
8962,tt5518022,"Houston, We Have a Problem!",,2016,\N,88,3359.0,True
9011,tt5644050,Pick of the Litter,,2018,\N,80,1474.0,True
9038,tt5700176,Dárk Rivér,,\N,2017,90,3717.0,False
9040,tt5702446,God Bless the Broken Road,,2018,\N,111,1031.0,False
9050,tt5719700,Home Again,,2017,\N,97,31035.0,False
9051,tt5723028,Oskars Amerika,,2017,\N,79,1033.0,True
9054,tt5723416,The Beyond,,2017,\N,103,6041.0,False
9063,tt5746054,Spy Cát,,2018,\N,92,,False
9096,tt5834854,Mary,,2019,\N,84,3792.0,False
9098,tt5838806,Annmariya Kalippilanu,Ann Mariya Kalippilanu,2016,\N,127,1354.0,True
9133,tt5937296,Glory,Slava,2016,\N,101,2266.0,True
9145,tt5974388,In Between,Bar Bahar,\N,2016,103,2761.0,True
9159,tt6016744,Thé Édgé ớf Démớcrácy,The Edge of Democracy,2019,\N,121,14373.0,True
9180,tt6083230,Little Forest,,2018,\N,103,2433.0,True
9188,tt6110504,Becoming Bond,,2017,\N,95,2797.0,True
9194,tt6129302,Bhavesh Joshi Superhero,,2018,\N,154,8145.0,True
9213,tt6176928,Whớsé Strééts?,,2017,\N,102,1329.0,False
9214,tt6182078,St. Agatha,,2018,\N,103,5636.0,False
9218,tt6198246,The Great War,,2019,\N,108,,False
9223,tt6212984,Parava,,2017,\N,147,3859.0,True
9228,tt6222286,Pérféct,Perfect,2018,\N,88,1849.0,False
9234,tt6262764,Rip Tide,,2017,\N,85,3318.0,False
9247,tt6293032,My Son,,2017,\N,84,,False
9263,tt6344664,Code Geass: Lelouch of the Re;Surrection,Code Geass: Fukkatsu No Lelouch,2019,\N,112,2307.0,True
9267,tt6349302,Sniper: Ultimate Kill,,2017,\N,90,4253.0,False
9285,tt6433456,Becoming Astrid,Unga Astrid,2018,\N,123,5723.0,True
9293,tt6473066,Clouds,Clouds,2020,\N,121,8607.0,True
9294,tt6475714,Mớnstér Húntér,Monster Hunter,2020,\N,103,50192.0,False
9295,tt6485666,Mersal,Mersal,2017,\N,172,31675.0,True
9298,tt6494418,Siberia,Siberia,\N,2018,104,14479.0,False
9299,tt6495094,Little Women,Little Women,2018,\N,112,1238.0,False
9324,tt6571548,The White Tiger,The White Tiger,2021,\N,125,55770.0,True
9328,tt6588966,Hichki,Hichki,2018,\N,116,,True
9336,tt6613958,The Bygone,The Bygone,2019,\N,115,4369.0,False
9337,tt6615648,Manu,Manu,2018,\N,180,1060.0,True
9347,tt6659936,Évéry Timé I Dié,Every Time I Die,2019,\N,98,1214.0,False
9373,tt6774212,Aiyaary,,2018,\N,157,4552.0,False
9412,tt6964562,Black Site,,2018,\N,91,1153.0,False
9415,tt6967980,Bareilly Ki Barfi,Bareilly Ki Barfi,2017,\N,116,22032.0,True
9420,tt6996016,Ninnu Kori,,2017,\N,137,3086.0,True
9424,tt7014110,Bring It On: Worldwide #Cheersmack,Bring It On: Worldwide #Cheersmack,\N,2017,95,1483.0,False
9425,tt7019942,Super Deluxe,Super Deluxe,2019,\N,176,13185.0,True
9439,tt7078658,The Day Shall Come,The Day Shall Come,2019,\N,87,3680.0,False
9441,tt7087210,Donnybrook,Donnybrook,\N,2018,101,2102.0,False
9448,tt7142506,Sir,Sir,\N,2018,99,6414.0,True
9463,tt7214842,One of Us,,2017,\N,95,6334.0,True
9467,tt7221896,Cumali Ceber,Cumali Ceber: Allah Seni Alsin,2017,\N,100,38530.0,False
9472,tt7248248,Lucky Day,Lucky Day,2019,\N,99,2730.0,False
9490,tt7295450,Bétwéén Wớrlds,Between Worlds,2018,\N,90,8353.0,False
9494,tt7310916,John Leguizamo's Road to Broadway,,2018,\N,90,1414.0,True
9499,tt7323600,Hagazussa,,2017,\N,102,5674.0,False
9503,tt7339792,Unbroken: Path to Redemption,Unbroken: Path to Redemption,2018,\N,98,2955.0,False
9504,tt7339826,Máqúiá: Whén thé Prớmiséd Flớwér Blớớms,,2018,\N,115,5650.0,True
9506,tt7349662,BlacKkKlansman,,2018,\N,135,246352.0,True
9516,tt7384848,Missing,,2018,\N,120,2194.0,False
9533,tt7464158,Phớtớcớpy,Photocopy,2017,\N,90,1169.0,True
9553,tt7545266,Like a Boss,,2020,\N,83,12936.0,False
9558,tt7558302,Lying ánd Stéáling,Lying and Stealing,2019,\N,100,5348.0,False
9565,tt7597486,Norske byggeklosser,,2018,\N,99,1019.0,False
9575,tt7638556,Come from Away,Come from Away,2021,\N,106,1933.0,True
9579,tt7658610,The Final Blade,,2018,\N,91,2143.0,False
9583,tt7681868,Walking on Water,Walking on Water,2018,\N,105,1007.0,True
9585,tt7689924,Sééing Állréd,Seeing Allred,\N,2018,96,1279.0,True
9598,tt7748226,Rüzgar,,2018,\N,94,1622.0,False
9599,tt7748244,Mortal World,,2018,\N,107,24681.0,True
9606,tt7779524,Zhán Dú Xiáớ,,2018,\N,85,1118.0,False
9609,tt7816386,Jawani Phir Nahi Ani 2,,2018,\N,165,1488.0,True
9625,tt7881542,Happy Phirr Bhag Jayegi,Happy Phirr Bhag Jayegi,2018,\N,136,1335.0,False
9631,tt7900528,Let's Not Meet,Let's Not Meet,2018,\N,114,2002.0,False
9638,tt7938336,Tagaru,,2018,\N,129,1469.0,True
9644,tt7958736,Ma,,2019,\N,99,50391.0,False
9659,tt8006374,Baba Yaga: Terror of the Dark Forest,Yaga. Koshmar tyomnogo lesa,\N,2020,97,,False
9680,tt8075192,Shoplifters,,2018,\N,121,71133.0,True
9701,tt8145202,The F**k-It List,,2020,\N,103,5581.0,False
9708,tt8188872,Váráthán,Varathan,2018,\N,130,3656.0,True
9715,tt8235296,The Trump Prophecy,,2018,\N,120,2302.0,False
9723,tt8286926,Nján Prákáshán,,\N,2018,131,4009.0,True
9729,tt8305806,Thé Wrétchéd,,2019,\N,95,13971.0,False
9739,tt8350360,Annabelle Comes Home,Annabelle Comes Home,2019,\N,106,69216.0,False
9745,tt8364132,Birbal Trilogy: Case 1 - Finding Vajramuni,,2019,\N,163,,True
9756,tt8394314,Witnesses,Witnesses,2019,\N,97,1559.0,False
9757,tt8396294,Dárlin',Darlin',2019,\N,100,1771.0,False
9760,tt8399720,Tina,Tina,2021,\N,118,3900.0,True
9770,tt8457792,This Is North Preston,This Is North Preston,2019,\N,77,1562.0,True
9776,tt8506840,I Do Not Care If We Go Down in History as Barbarians,Îmi este indiferent daca în istorie vom intra ca barbari,\N,2018,140,1444.0,True
9779,tt8522820,The Warden,,\N,2019,87,5413.0,True
9787,tt8579674,1917,1917,2019,\N,119,512199.0,True
9799,tt8663446,Halloween at Aunt Ethel's,Halloween at Aunt Ethel's,2019,\N,80,1876.0,False
9801,tt8665634,Qismat,Qismat,2018,\N,137,2851.0,True
9805,tt8689290,The Alpines,,2021,\N,93,4079.0,False
9808,tt8703884,Bathroom Stalls & Parking Lots,,2019,\N,80,1168.0,True
9834,tt8879946,Maiden,,2018,\N,97,2136.0,True
9859,tt9000388,Tottaa Pataaka Item Maal,Tottaa Pataaka Item Maal,2019,\N,107,8034.0,True
9877,tt9089294,Thé Sévén Déádly Sins: Prisớnérs ớf thé Sky,,2018,\N,99,4439.0,True
9887,tt9114472,Ice on Fire,,2019,\N,88,1503.0,True
9895,tt9173154,Separation,Separation,2021,\N,107,2019.0,False
9898,tt9176086,Saina,,2021,\N,135,3915.0,False
9912,tt9239552,Konosuba!: God's Blessing on This Wonderful World! - Legend of Crimson,,2019,\N,90,3072.0,True
9913,tt9243946,El Camino: A Breaking Bad Movie,,2019,\N,122,210566.0,True
9937,tt9412098,Fyre,Fyre,2019,\N,97,41243.0,True
9945,tt9448332,Ishq,Ishq,2019,\N,134,,True
9955,tt9558612,PM Náréndrá Mớdi,PM Narendra Modi,2019,\N,136,7005.0,False
9960,tt9598172,Sáving Léningrád,,2019,\N,96,2200.0,False
9977,tt9691136,Shadow in the Cloud,,2020,\N,83,22617.0,False
9979,tt9695258,So My Grandma's a Lesbian!,Salir del ropero,2019,\N,94,1054.0,False
9994,tt9849004,Happily,Happily,2021,\N,96,,False
